,state_code,state_name,county_code,county_name,aqi,state_code_int,county_code_int
0,4,Arizona,13,Maricopa,18.0,4,13
1,4,Arizona,13,Maricopa,9.0,4,13
2,4,Arizona,19,Pima,20.0,4,19
17,8,Colorado,41,El Paso,9.0,8,41
18,12,Florida,31,Duval,15.0,12,31
19,12,Florida,31,Duval,13.0,12,31
20,12,Florida,57,Hillsborough,19.0,12,57
21,15,Hawaii,3,Honolulu,10.0,15,3
22,17,Illinois,167,Sangamon,20.0,17,167
23,18,Indiana,97,Marion,32.0,18,97
24,21,Kentucky,101,Henderson,8.0,21,101
25,21,Kentucky,111,Jefferson,6.0,21,111
26,21,Kentucky,145,McCracken,13.0,21,145
27,21,Kentucky,145,McCracken,13.0,21,145
28,22,Louisiana,33,East Baton Rouge,5.0,22,33
29,24,Maryland,510,Baltimore (City),33.0,24,510
30,25,Massachusetts,25,Suffolk,13.0,25,25
31,26,Michigan,163,Wayne,19.0,26,163
32,27,Minnesota,137,Saint Louis,16.0,27,137
33,29,Missouri,189,Saint Louis,10.0,29,189
34,34,New Jersey,3,Bergen,41.0,34,3
35,34,New Jersey,23,Middlesex,17.0,34,23
36,35,New Mexico,1,Bernalillo,11.0,35,1
37,35,New Mexico,45,San Juan,6.0,35,45
38,36,New York,61,New York,13.0,36,61
39,36,New York,61,New York,24.0,36,61
40,36,New York,63,Niagara,13.0,36,63
41,37,North Carolina,119,Mecklenburg,28.0,37,119
42,39,Ohio,49,Franklin,10.0,39,49
43,39,Ohio,61,Hamilton,17.0,39,61
44,40,Oklahoma,109,Oklahoma,14.0,40,109
45,41,Oregon,35,Klamath,31.0,41,35
46,41,Oregon,51,Multnomah,28.0,41,51
49,47,Tennessee,157,Shelby,38.0,47,157
51,49,Utah,35,Salt Lake,19.0,49,35
52,50,Vermont,7,Chittenden,18.0,50,7
53,50,Vermont,7,Chittenden,20.0,50,7
54,51,Virginia,59,Fairfax,39.0,51,59
55,51,Virginia,710,Norfolk City,15.0,51,710
56,51,Virginia,760,Richmond City,17.0,51,760
57,53,Washington,33,King,55.0,53,33
58,53,Washington,33,King,22.0,53,33
59,53,Washington,77,Yakima,35.0,53,77
60,55,Wisconsin,79,Milwaukee,10.0,55,79
61,4,Arizona,13,Maricopa,56.0,4,13
62,4,Arizona,19,Pima,30.0,4,19
75,8,Colorado,13,Boulder,28.0,8,13
76,8,Colorado,41,El Paso,9.0,8,41
77,8,Colorado,41,El Paso,9.0,8,41
78,15,Hawaii,3,Honolulu,6.0,15,3
79,17,Illinois,167,Sangamon,26.0,17,167
80,18,Indiana,97,Marion,27.0,18,97
81,19,Iowa,153,Polk,14.0,19,153
82,20,Kansas,173,Sedgwick,16.0,20,173
83,22,Louisiana,71,Orleans,5.0,22,71
84,24,Maryland,1,Allegany,9.0,24,1
85,24,Maryland,31,Montgomery,24.0,24,31
86,26,Michigan,163,Wayne,17.0,26,163
87,27,Minnesota,53,Hennepin,16.0,27,53
88,29,Missouri,47,Clay,6.0,29,47
89,29,Missouri,95,Jackson,3.0,29,95
90,30,Montana,63,Missoula,14.0,30,63
91,32,Nevada,31,Washoe,52.0,32,31
92,32,Nevada,31,Washoe,8.0,32,31
93,34,New Jersey,7,Camden,7.0,34,7
94,35,New Mexico,45,San Juan,17.0,35,45
95,35,New Mexico,45,San Juan,14.0,35,45
96,36,New York,55,Monroe,18.0,36,55
97,36,New York,63,Niagara,6.0,36,63
98,36,New York,93,Schenectady,19.0,36,93
99,39,Ohio,49,Franklin,11.0,39,49
100,39,Ohio,95,Lucas,13.0,39,95
101,40,Oklahoma,27,Cleveland,7.0,40,27
102,40,Oklahoma,143,Tulsa,13.0,40,143
103,40,Oklahoma,143,Tulsa,16.0,40,143
107,47,Tennessee,157,Shelby,74.0,47,157
110,49,Utah,11,Davis,22.0,49,11
111,49,Utah,35,Salt Lake,19.0,49,35
112,51,Virginia,59,Fairfax,15.0,51,59
113,51,Virginia,510,Alexandria City,13.0,51,510
114,51,Virginia,700,Newport News City,8.0,51,700
115,53,Washington,33,King,44.0,53,33
116,53,Washington,61,Snohomish,76.0,53,61
117,53,Washington,63,Spokane,32.0,53,63
118,54,West Virginia,25,Greenbrier,2.0,54,25
119,55,Wisconsin,79,Milwaukee,22.0,55,79
120,72,Puerto Rico,127,San Juan,35.0,72,127
121,72,Puerto Rico,127,San Juan,18.0,72,127
122,1,Alabama,73,Jefferson,23.0,1,73
123,4,Arizona,13,Maricopa,66.0,4,13
124,4,Arizona,13,Maricopa,14.0,4,13
125,4,Arizona,13,Maricopa,60.0,4,13
126,4,Arizona,19,Pima,20.0,4,19
127,4,Arizona,19,Pima,36.0,4,19
139,8,Colorado,41,El Paso,25.0,8,41
140,8,Colorado,41,El Paso,7.0,8,41
141,8,Colorado,41,El Paso,10.0,8,41
142,8,Colorado,41,El Paso,8.0,8,41
143,11,District Of Columbia,1,District of Columbia,22.0,11,1
144,12,Florida,11,Broward,17.0,12,11
145,12,Florida,11,Broward,24.0,12,11
146,12,Florida,11,Broward,15.0,12,11
147,12,Florida,57,Hillsborough,13.0,12,57
148,13,Georgia,89,DeKalb,8.0,13,89
149,17,Illinois,167,Sangamon,16.0,17,167
150,18,Indiana,141,St. Joseph,9.0,18,141
151,18,Indiana,163,Vanderburgh,15.0,18,163
152,25,Massachusetts,25,Suffolk,23.0,25,25
153,26,Michigan,99,Macomb,31.0,26,99
154,27,Minnesota,123,Ramsey,20.0,27,123
155,31,Nebraska,55,Douglas,28.0,31,55
156,32,Nevada,3,Clark,13.0,32,3
157,34,New Jersey,1,Atlantic,26.0,34,1
158,34,New Jersey,3,Bergen,11.0,34,3
159,35,New Mexico,1,Bernalillo,13.0,35,1
160,36,New York,59,Nassau,7.0,36,59
161,36,New York,63,Niagara,9.0,36,63
162,37,North Carolina,119,Mecklenburg,11.0,37,119
170,49,Utah,35,Salt Lake,31.0,49,35
171,49,Utah,49,Utah,42.0,49,49
172,49,Utah,49,Utah,15.0,49,49
173,53,Washington,77,Yakima,58.0,53,77
174,53,Washington,77,Yakima,57.0,53,77
175,55,Wisconsin,79,Milwaukee,14.0,55,79
176,55,Wisconsin,79,Milwaukee,9.0,55,79
177,55,Wisconsin,101,Racine,35.0,55,101
178,72,Puerto Rico,127,San Juan,28.0,72,127
179,80,Country Of Mexico,6,CHIHUAHUA STATE,45.0,80,6
180,4,Arizona,13,Maricopa,8.0,4,13
181,4,Arizona,13,Maricopa,18.0,4,13
182,4,Arizona,19,Pima,16.0,4,19
183,4,Arizona,19,Pima,30.0,4,19
184,4,Arizona,19,Pima,5.0,4,19
194,8,Colorado,5,Arapahoe,15.0,8,5
195,8,Colorado,31,Denver,28.0,8,31
196,8,Colorado,69,Larimer,5.0,8,69
197,8,Colorado,69,Larimer,6.0,8,69
198,9,Connecticut,1,Fairfield,24.0,9,1
199,12,Florida,11,Broward,5.0,12,11
200,12,Florida,31,Duval,13.0,12,31
201,12,Florida,31,Duval,16.0,12,31
202,12,Florida,86,Miami-Dade,43.0,12,86
203,15,Hawaii,3,Honolulu,5.0,15,3
204,15,Hawaii,3,Honolulu,7.0,15,3
205,17,Illinois,167,Sangamon,14.0,17,167
206,19,Iowa,153,Polk,18.0,19,153
207,21,Kentucky,111,Jefferson,15.0,21,111
208,21,Kentucky,145,McCracken,8.0,21,145
209,24,Maryland,33,Prince George's,3.0,24,33
210,25,Massachusetts,13,Hampden,19.0,25,13
211,26,Michigan,77,Kalamazoo,6.0,26,77
212,26,Michigan,77,Kalamazoo,6.0,26,77
213,27,Minnesota,53,Hennepin,32.0,27,53
214,32,Nevada,31,Washoe,13.0,32,31
215,34,New Jersey,17,Hudson,32.0,34,17
216,34,New Jersey,23,Middlesex,20.0,34,23
217,34,New Jersey,39,Union,16.0,34,39
218,36,New York,47,Kings,48.0,36,47
219,37,North Carolina,67,Forsyth,18.0,37,67
220,37,North Carolina,67,Forsyth,23.0,37,67
221,39,Ohio,35,Cuyahoga,36.0,39,35
222,39,Ohio,35,Cuyahoga,31.0,39,35
223,39,Ohio,35,Cuyahoga,11.0,39,35
224,39,Ohio,99,Mahoning,2.0,39,99
225,41,Oregon,29,Jackson,51.0,41,29
226,41,Oregon,39,Lane,32.0,41,39
229,47,Tennessee,93,Knox,27.0,47,93
230,47,Tennessee,157,Shelby,7.0,47,157
237,49,Utah,35,Salt Lake,20.0,49,35
238,49,Utah,49,Utah,23.0,49,49
239,51,Virginia,13,Arlington,16.0,51,13
240,51,Virginia,710,Norfolk City,6.0,51,710
241,54,West Virginia,39,Kanawha,8.0,54,39
242,1,Alabama,73,Jefferson,5.0,1,73
243,4,Arizona,19,Pima,13.0,4,19
244,4,Arizona,19,Pima,11.0,4,19
245,4,Arizona,19,Pima,5.0,4,19
264,8,Colorado,13,Boulder,11.0,8,13
265,8,Colorado,41,El Paso,31.0,8,41
266,8,Colorado,41,El Paso,23.0,8,41
267,8,Colorado,41,El Paso,9.0,8,41
268,8,Colorado,77,Mesa,20.0,8,77
269,9,Connecticut,1,Fairfield,24.0,9,1
270,12,Florida,11,Broward,8.0,12,11
271,12,Florida,31,Duval,11.0,12,31
272,12,Florida,31,Duval,18.0,12,31
273,12,Florida,57,Hillsborough,15.0,12,57
274,12,Florida,57,Hillsborough,17.0,12,57
275,12,Florida,95,Orange,9.0,12,95
276,12,Florida,99,Palm Beach,18.0,12,99
277,12,Florida,103,Pinellas,7.0,12,103
278,12,Florida,115,Sarasota,7.0,12,115
279,15,Hawaii,3,Honolulu,7.0,15,3
280,17,Illinois,31,Cook,9.0,17,31
281,18,Indiana,141,St. Joseph,17.0,18,141
282,20,Kansas,173,Sedgwick,9.0,20,173
283,24,Maryland,5,Baltimore,15.0,24,5
284,26,Michigan,163,Wayne,7.0,26,163
285,29,Missouri,510,St. Louis City,6.0,29,510
286,30,Montana,63,Missoula,19.0,30,63
287,31,Nebraska,55,Douglas,8.0,31,55
288,31,Nebraska,109,Lancaster,23.0,31,109
289,34,New Jersey,5,Burlington,45.0,34,5
290,34,New Jersey,7,Camden,18.0,34,7
291,34,New Jersey,27,Morris,17.0,34,27
292,35,New Mexico,1,Bernalillo,54.0,35,1
293,35,New Mexico,1,Bernalillo,10.0,35,1
294,35,New Mexico,1,Bernalillo,16.0,35,1
295,36,New York,61,New York,39.0,36,61
296,36,New York,63,Niagara,6.0,36,63
297,37,North Carolina,67,Forsyth,8.0,37,67
298,39,Ohio,35,Cuyahoga,17.0,39,35
299,39,Ohio,35,Cuyahoga,14.0,39,35
300,39,Ohio,35,Cuyahoga,14.0,39,35
301,39,Ohio,35,Cuyahoga,13.0,39,35
302,39,Ohio,153,Summit,18.0,39,153
303,41,Oregon,39,Lane,9.0,41,39
308,47,Tennessee,93,Knox,39.0,47,93
314,49,Utah,35,Salt Lake,9.0,49,35
315,49,Utah,49,Utah,38.0,49,49
316,49,Utah,49,Utah,16.0,49,49
317,51,Virginia,59,Fairfax,47.0,51,59
318,51,Virginia,59,Fairfax,9.0,51,59
319,54,West Virginia,9,Brooke,6.0,54,9
320,54,West Virginia,29,Hancock,5.0,54,29
321,4,Arizona,13,Maricopa,33.0,4,13
337,8,Colorado,31,Denver,19.0,8,31
338,8,Colorado,41,El Paso,36.0,8,41
339,8,Colorado,41,El Paso,24.0,8,41
340,8,Colorado,41,El Paso,5.0,8,41
341,8,Colorado,41,El Paso,20.0,8,41
342,9,Connecticut,1,Fairfield,10.0,9,1
343,11,District Of Columbia,1,District of Columbia,7.0,11,1
344,12,Florida,11,Broward,15.0,12,11
345,12,Florida,11,Broward,8.0,12,11
346,12,Florida,31,Duval,6.0,12,31
347,12,Florida,86,Miami-Dade,7.0,12,86
348,12,Florida,103,Pinellas,15.0,12,103
349,13,Georgia,121,Fulton,25.0,13,121
350,15,Hawaii,3,Honolulu,6.0,15,3
351,17,Illinois,31,Cook,19.0,17,31
352,17,Illinois,143,Peoria,40.0,17,143
353,18,Indiana,3,Allen,19.0,18,3
354,18,Indiana,3,Allen,9.0,18,3
355,18,Indiana,141,St. Joseph,20.0,18,141
356,18,Indiana,167,Vigo,14.0,18,167
357,20,Kansas,181,Sherman,0.0,20,181
358,21,Kentucky,111,Jefferson,7.0,21,111
359,21,Kentucky,145,McCracken,6.0,21,145
360,27,Minnesota,53,Hennepin,13.0,27,53
361,27,Minnesota,145,Stearns,22.0,27,145
362,29,Missouri,189,Saint Louis,8.0,29,189
363,29,Missouri,213,Taney,9.0,29,213
364,31,Nebraska,55,Douglas,50.0,31,55
365,32,Nevada,5,Douglas,8.0,32,5
366,32,Nevada,31,Washoe,13.0,32,31
367,34,New Jersey,3,Bergen,11.0,34,3
368,34,New Jersey,7,Camden,8.0,34,7
369,34,New Jersey,17,Hudson,30.0,34,17
370,35,New Mexico,13,Dona Ana,11.0,35,13
371,35,New Mexico,43,Sandoval,6.0,35,43
372,37,North Carolina,37,Chatham,5.0,37,37
373,37,North Carolina,51,Cumberland,10.0,37,51
374,37,North Carolina,67,Forsyth,6.0,37,67
375,37,North Carolina,67,Forsyth,6.0,37,67
376,37,North Carolina,119,Mecklenburg,30.0,37,119
377,39,Ohio,61,Hamilton,9.0,39,61
378,39,Ohio,151,Stark,13.0,39,151
379,40,Oklahoma,31,Comanche,13.0,40,31
384,47,Tennessee,37,Davidson,18.0,47,37
388,50,Vermont,7,Chittenden,3.0,50,7
389,51,Virginia,59,Fairfax,6.0,51,59
390,51,Virginia,700,Newport News City,11.0,51,700
391,53,Washington,33,King,45.0,53,33
392,53,Washington,33,King,35.0,53,33
393,53,Washington,67,Thurston,32.0,53,67
394,55,Wisconsin,79,Milwaukee,2.0,55,79
395,55,Wisconsin,79,Milwaukee,7.0,55,79
396,80,Country Of Mexico,6,CHIHUAHUA STATE,13.0,80,6
397,1,Alabama,101,Montgomery,0.0,1,101
398,4,Arizona,13,Maricopa,30.0,4,13
414,8,Colorado,69,Larimer,16.0,8,69
415,11,District Of Columbia,1,District of Columbia,22.0,11,1
416,11,District Of Columbia,1,District of Columbia,13.0,11,1
417,12,Florida,11,Broward,15.0,12,11
418,12,Florida,31,Duval,10.0,12,31
419,12,Florida,103,Pinellas,20.0,12,103
420,12,Florida,115,Sarasota,36.0,12,115
421,15,Hawaii,3,Honolulu,11.0,15,3
422,17,Illinois,31,Cook,10.0,17,31
423,17,Illinois,31,Cook,11.0,17,31
424,17,Illinois,119,Madison,17.0,17,119
425,17,Illinois,119,Madison,14.0,17,119
426,17,Illinois,197,Will,1.0,17,197
427,21,Kentucky,111,Jefferson,16.0,21,111
428,21,Kentucky,117,Kenton,17.0,21,117
429,22,Louisiana,33,East Baton Rouge,32.0,22,33
430,22,Louisiana,33,East Baton Rouge,49.0,22,33
431,29,Missouri,95,Jackson,2.0,29,95
432,32,Nevada,3,Clark,15.0,32,3
433,32,Nevada,31,Washoe,32.0,32,31
434,34,New Jersey,23,Middlesex,25.0,34,23
435,34,New Jersey,39,Union,49.0,34,39
436,35,New Mexico,1,Bernalillo,6.0,35,1
437,36,New York,59,Nassau,23.0,36,59
438,37,North Carolina,67,Forsyth,19.0,37,67
439,37,North Carolina,71,Gaston,19.0,37,71
440,37,North Carolina,183,Wake,32.0,37,183
441,39,Ohio,49,Franklin,13.0,39,49
442,39,Ohio,85,Lake,20.0,39,85
443,39,Ohio,151,Stark,10.0,39,151
453,49,Utah,35,Salt Lake,13.0,49,35
454,49,Utah,49,Utah,40.0,49,49
455,50,Vermont,7,Chittenden,49.0,50,7
456,51,Virginia,59,Fairfax,8.0,51,59
457,51,Virginia,760,Richmond City,8.0,51,760
458,53,Washington,33,King,25.0,53,33
459,53,Washington,33,King,13.0,53,33
460,53,Washington,61,Snohomish,40.0,53,61
461,53,Washington,63,Spokane,19.0,53,63
462,54,West Virginia,69,Ohio,16.0,54,69
463,55,Wisconsin,79,Milwaukee,3.0,55,79
464,80,Country Of Mexico,2,BAJA CALIFORNIA NORTE,14.0,80,2
465,2,Alaska,90,Fairbanks North Star ,23.0,2,90
466,4,Arizona,13,Maricopa,22.0,4,13
467,4,Arizona,13,Maricopa,11.0,4,13
483,8,Colorado,31,Denver,25.0,8,31
484,8,Colorado,123,Weld,28.0,8,123
485,8,Colorado,123,Weld,16.0,8,123
486,8,Colorado,123,Weld,13.0,8,123
487,12,Florida,115,Sarasota,15.0,12,115
488,15,Hawaii,3,Honolulu,2.0,15,3
489,15,Hawaii,3,Honolulu,13.0,15,3
490,19,Iowa,113,Linn,9.0,19,113
491,21,Kentucky,13,Bell,11.0,21,13
492,21,Kentucky,111,Jefferson,10.0,21,111
493,25,Massachusetts,13,Hampden,11.0,25,13
494,26,Michigan,125,Oakland,11.0,26,125
495,29,Missouri,189,Saint Louis,11.0,29,189
496,29,Missouri,189,Saint Louis,6.0,29,189
497,29,Missouri,189,Saint Louis,10.0,29,189
498,29,Missouri,189,Saint Louis,6.0,29,189
499,32,Nevada,3,Clark,6.0,32,3
500,32,Nevada,3,Clark,19.0,32,3
501,34,New Jersey,13,Essex,11.0,34,13
502,34,New Jersey,13,Essex,13.0,34,13
503,35,New Mexico,1,Bernalillo,6.0,35,1
504,36,New York,55,Monroe,9.0,36,55
505,37,North Carolina,67,Forsyth,9.0,37,67
506,37,North Carolina,119,Mecklenburg,10.0,37,119
507,37,North Carolina,119,Mecklenburg,36.0,37,119
508,39,Ohio,35,Cuyahoga,8.0,39,35
509,39,Ohio,113,Montgomery,6.0,39,113
510,39,Ohio,151,Stark,7.0,39,151
511,40,Oklahoma,31,Comanche,8.0,40,31
512,40,Oklahoma,109,Oklahoma,30.0,40,109
513,41,Oregon,29,Jackson,24.0,41,29
514,41,Oregon,51,Multnomah,23.0,41,51
521,47,Tennessee,37,Davidson,24.0,47,37
522,47,Tennessee,37,Davidson,28.0,47,37
523,47,Tennessee,157,Shelby,9.0,47,157
524,47,Tennessee,157,Shelby,9.0,47,157
527,49,Utah,35,Salt Lake,15.0,49,35
528,50,Vermont,21,Rutland,15.0,50,21
529,51,Virginia,510,Alexandria City,6.0,51,510
530,51,Virginia,760,Richmond City,0.0,51,760
531,53,Washington,11,Clark,15.0,53,11
532,53,Washington,11,Clark,15.0,53,11
533,53,Washington,63,Spokane,13.0,53,63
534,55,Wisconsin,79,Milwaukee,5.0,55,79
535,55,Wisconsin,79,Milwaukee,13.0,55,79
536,55,Wisconsin,79,Milwaukee,10.0,55,79
537,72,Puerto Rico,127,San Juan,18.0,72,127
538,80,Country Of Mexico,2,BAJA CALIFORNIA NORTE,36.0,80,2
539,2,Alaska,20,Anchorage ,39.0,2,20
540,4,Arizona,13,Maricopa,7.0,4,13
541,4,Arizona,13,Maricopa,31.0,4,13
549,8,Colorado,13,Boulder,7.0,8,13
550,8,Colorado,31,Denver,30.0,8,31
551,8,Colorado,41,El Paso,11.0,8,41
552,12,Florida,57,Hillsborough,20.0,12,57
553,12,Florida,57,Hillsborough,11.0,12,57
554,12,Florida,95,Orange,17.0,12,95
555,12,Florida,99,Palm Beach,17.0,12,99
556,17,Illinois,31,Cook,10.0,17,31
557,17,Illinois,197,Will,2.0,17,197
558,18,Indiana,97,Marion,19.0,18,97
559,19,Iowa,153,Polk,11.0,19,153
560,24,Maryland,510,Baltimore (City),18.0,24,510
561,25,Massachusetts,13,Hampden,7.0,25,13
562,25,Massachusetts,25,Suffolk,24.0,25,25
563,25,Massachusetts,27,Worcester,24.0,25,27
564,27,Minnesota,123,Ramsey,10.0,27,123
565,29,Missouri,77,Greene,11.0,29,77
566,29,Missouri,95,Jackson,8.0,29,95
567,29,Missouri,510,St. Louis City,15.0,29,510
568,30,Montana,29,Flathead,28.0,30,29
569,31,Nebraska,55,Douglas,3.0,31,55
570,32,Nevada,3,Clark,16.0,32,3
571,32,Nevada,3,Clark,28.0,32,3
572,32,Nevada,5,Douglas,14.0,32,5
573,32,Nevada,31,Washoe,7.0,32,31
574,34,New Jersey,39,Union,35.0,34,39
575,35,New Mexico,1,Bernalillo,10.0,35,1
576,35,New Mexico,1,Bernalillo,26.0,35,1
577,36,New York,29,Erie,5.0,36,29
578,36,New York,55,Monroe,1.0,36,55
579,36,New York,61,New York,13.0,36,61
580,36,New York,63,Niagara,5.0,36,63
581,37,North Carolina,63,Durham,16.0,37,63
582,37,North Carolina,63,Durham,18.0,37,63
583,39,Ohio,153,Summit,11.0,39,153
584,40,Oklahoma,27,Cleveland,16.0,40,27
585,40,Oklahoma,109,Oklahoma,13.0,40,109
586,41,Oregon,17,Deschutes,34.0,41,17
590,47,Tennessee,37,Davidson,10.0,47,37
591,47,Tennessee,157,Shelby,15.0,47,157
596,49,Utah,35,Salt Lake,25.0,49,35
597,50,Vermont,7,Chittenden,3.0,50,7
598,51,Virginia,59,Fairfax,9.0,51,59
599,53,Washington,63,Spokane,20.0,53,63
600,55,Wisconsin,79,Milwaukee,2.0,55,79
601,55,Wisconsin,133,Waukesha,3.0,55,133
602,72,Puerto Rico,127,San Juan,17.0,72,127
603,80,Country Of Mexico,2,BAJA CALIFORNIA NORTE,14.0,80,2
604,80,Country Of Mexico,6,CHIHUAHUA STATE,34.0,80,6
605,1,Alabama,73,Jefferson,5.0,1,73
606,4,Arizona,13,Maricopa,18.0,4,13
607,4,Arizona,13,Maricopa,66.0,4,13
608,4,Arizona,13,Maricopa,22.0,4,13
609,4,Arizona,13,Maricopa,25.0,4,13
623,8,Colorado,13,Boulder,16.0,8,13
624,8,Colorado,13,Boulder,14.0,8,13
625,8,Colorado,41,El Paso,5.0,8,41
626,8,Colorado,41,El Paso,28.0,8,41
627,12,Florida,11,Broward,8.0,12,11
628,12,Florida,115,Sarasota,11.0,12,115
629,12,Florida,115,Sarasota,39.0,12,115
630,15,Hawaii,3,Honolulu,11.0,15,3
631,15,Hawaii,3,Honolulu,14.0,15,3
632,15,Hawaii,3,Honolulu,17.0,15,3
633,17,Illinois,197,Will,3.0,17,197
634,21,Kentucky,67,Fayette,1.0,21,67
635,25,Massachusetts,27,Worcester,6.0,25,27
636,26,Michigan,163,Wayne,7.0,26,163
637,27,Minnesota,3,Anoka,5.0,27,3
638,27,Minnesota,37,Dakota,3.0,27,37
639,27,Minnesota,137,Saint Louis,9.0,27,137
640,29,Missouri,95,Jackson,8.0,29,95
641,29,Missouri,189,Saint Louis,7.0,29,189
642,29,Missouri,189,Saint Louis,2.0,29,189
643,31,Nebraska,55,Douglas,8.0,31,55
644,31,Nebraska,109,Lancaster,14.0,31,109
645,31,Nebraska,109,Lancaster,8.0,31,109
646,32,Nevada,3,Clark,0.0,32,3
647,32,Nevada,3,Clark,15.0,32,3
648,32,Nevada,510,Carson City,13.0,32,510
649,34,New Jersey,25,Monmouth,19.0,34,25
650,35,New Mexico,1,Bernalillo,20.0,35,1
651,35,New Mexico,13,Dona Ana,30.0,35,13
652,36,New York,29,Erie,9.0,36,29
653,36,New York,59,Nassau,6.0,36,59
654,36,New York,61,New York,10.0,36,61
655,36,New York,81,Queens,7.0,36,81
656,37,North Carolina,119,Mecklenburg,13.0,37,119
657,39,Ohio,81,Jefferson,13.0,39,81
658,39,Ohio,113,Montgomery,5.0,39,113
659,40,Oklahoma,31,Comanche,3.0,40,31
660,40,Oklahoma,109,Oklahoma,9.0,40,109
668,47,Tennessee,37,Davidson,8.0,47,37
669,47,Tennessee,157,Shelby,3.0,47,157
670,47,Tennessee,157,Shelby,23.0,47,157
671,47,Tennessee,163,Sullivan,13.0,47,163
675,49,Utah,57,Weber,7.0,49,57
676,51,Virginia,59,Fairfax,3.0,51,59
677,51,Virginia,710,Norfolk City,14.0,51,710
678,53,Washington,33,King,25.0,53,33
679,54,West Virginia,29,Hancock,11.0,54,29
680,55,Wisconsin,133,Waukesha,2.0,55,133
681,80,Country Of Mexico,2,BAJA CALIFORNIA NORTE,17.0,80,2
682,1,Alabama,73,Jefferson,17.0,1,73
683,1,Alabama,73,Jefferson,6.0,1,73
684,2,Alaska,20,Anchorage ,19.0,2,20
685,2,Alaska,20,Anchorage ,18.0,2,20
686,4,Arizona,13,Maricopa,22.0,4,13
701,8,Colorado,13,Boulder,10.0,8,13
702,8,Colorado,69,Larimer,18.0,8,69
703,9,Connecticut,1,Fairfield,13.0,9,1
704,9,Connecticut,3,Hartford,26.0,9,3
705,12,Florida,11,Broward,11.0,12,11
706,12,Florida,99,Palm Beach,3.0,12,99
707,12,Florida,103,Pinellas,7.0,12,103
708,12,Florida,115,Sarasota,22.0,12,115
709,17,Illinois,31,Cook,7.0,17,31
710,17,Illinois,31,Cook,24.0,17,31
711,18,Indiana,3,Allen,11.0,18,3
712,19,Iowa,153,Polk,18.0,19,153
713,21,Kentucky,145,McCracken,0.0,21,145
714,22,Louisiana,33,East Baton Rouge,9.0,22,33
715,25,Massachusetts,13,Hampden,7.0,25,13
716,25,Massachusetts,13,Hampden,8.0,25,13
717,25,Massachusetts,27,Worcester,9.0,25,27
718,26,Michigan,81,Kent,3.0,26,81
719,26,Michigan,163,Wayne,11.0,26,163
720,26,Michigan,163,Wayne,5.0,26,163
721,29,Missouri,95,Jackson,6.0,29,95
722,30,Montana,29,Flathead,9.0,30,29
723,30,Montana,63,Missoula,11.0,30,63
724,31,Nebraska,55,Douglas,18.0,31,55
725,32,Nevada,3,Clark,0.0,32,3
726,32,Nevada,3,Clark,0.0,32,3
727,32,Nevada,3,Clark,18.0,32,3
728,32,Nevada,31,Washoe,6.0,32,31
729,32,Nevada,31,Washoe,24.0,32,31
730,34,New Jersey,3,Bergen,24.0,34,3
731,34,New Jersey,7,Camden,5.0,34,7
732,34,New Jersey,7,Camden,2.0,34,7
733,34,New Jersey,13,Essex,6.0,34,13
734,34,New Jersey,23,Middlesex,11.0,34,23
735,34,New Jersey,39,Union,15.0,34,39
736,35,New Mexico,13,Dona Ana,14.0,35,13
737,37,North Carolina,119,Mecklenburg,7.0,37,119
738,39,Ohio,61,Hamilton,18.0,39,61
739,39,Ohio,153,Summit,15.0,39,153
740,40,Oklahoma,143,Tulsa,6.0,40,143
741,41,Oregon,51,Multnomah,24.0,41,51
742,41,Oregon,51,Multnomah,15.0,41,51
754,49,Utah,35,Salt Lake,15.0,49,35
755,49,Utah,49,Utah,14.0,49,49
756,49,Utah,49,Utah,36.0,49,49
757,51,Virginia,650,Hampton City,11.0,51,650
758,51,Virginia,760,Richmond City,7.0,51,760
759,51,Virginia,760,Richmond City,11.0,51,760
760,53,Washington,33,King,15.0,53,33
761,53,Washington,33,King,24.0,53,33
762,53,Washington,33,King,26.0,53,33
763,53,Washington,53,Pierce,14.0,53,53
764,53,Washington,63,Spokane,16.0,53,63
765,53,Washington,67,Thurston,18.0,53,67
766,54,West Virginia,9,Brooke,7.0,54,9
767,54,West Virginia,9,Brooke,3.0,54,9
768,54,West Virginia,69,Ohio,7.0,54,69
769,55,Wisconsin,101,Racine,7.0,55,101
770,55,Wisconsin,133,Waukesha,3.0,55,133
771,80,Country Of Mexico,2,BAJA CALIFORNIA NORTE,10.0,80,2
772,80,Country Of Mexico,2,BAJA CALIFORNIA NORTE,33.0,80,2
773,80,Country Of Mexico,6,CHIHUAHUA STATE,6.0,80,6
774,4,Arizona,13,Maricopa,45.0,4,13
782,8,Colorado,31,Denver,19.0,8,31
783,8,Colorado,59,Jefferson,8.0,8,59
784,8,Colorado,77,Mesa,28.0,8,77
785,9,Connecticut,1,Fairfield,8.0,9,1
786,9,Connecticut,1,Fairfield,13.0,9,1
787,9,Connecticut,3,Hartford,61.0,9,3
788,9,Connecticut,9,New Haven,9.0,9,9
789,11,District Of Columbia,1,District of Columbia,16.0,11,1
790,11,District Of Columbia,1,District of Columbia,14.0,11,1
791,12,Florida,11,Broward,8.0,12,11
792,12,Florida,57,Hillsborough,7.0,12,57
793,12,Florida,86,Miami-Dade,16.0,12,86
794,12,Florida,99,Palm Beach,3.0,12,99
795,15,Hawaii,3,Honolulu,3.0,15,3
796,17,Illinois,31,Cook,32.0,17,31
797,17,Illinois,167,Sangamon,10.0,17,167
798,17,Illinois,201,Winnebago,17.0,17,201
799,18,Indiana,97,Marion,16.0,18,97
800,20,Kansas,107,Linn,10.0,20,107
801,21,Kentucky,67,Fayette,3.0,21,67
802,21,Kentucky,67,Fayette,1.0,21,67
803,21,Kentucky,111,Jefferson,23.0,21,111
804,21,Kentucky,111,Jefferson,20.0,21,111
805,22,Louisiana,33,East Baton Rouge,50.0,22,33
806,25,Massachusetts,13,Hampden,34.0,25,13
807,25,Massachusetts,25,Suffolk,7.0,25,25
808,26,Michigan,163,Wayne,9.0,26,163
809,27,Minnesota,123,Ramsey,14.0,27,123
810,27,Minnesota,137,Saint Louis,17.0,27,137
811,27,Minnesota,145,Stearns,13.0,27,145
812,29,Missouri,189,Saint Louis,3.0,29,189
813,31,Nebraska,109,Lancaster,18.0,31,109
814,32,Nevada,3,Clark,1.0,32,3
815,32,Nevada,3,Clark,7.0,32,3
816,32,Nevada,31,Washoe,10.0,32,31
817,32,Nevada,31,Washoe,17.0,32,31
818,32,Nevada,510,Carson City,11.0,32,510
819,34,New Jersey,5,Burlington,8.0,34,5
820,35,New Mexico,13,Dona Ana,3.0,35,13
821,35,New Mexico,49,Santa Fe,10.0,35,49
822,36,New York,47,Kings,7.0,36,47
823,36,New York,59,Nassau,6.0,36,59
824,36,New York,59,Nassau,7.0,36,59
825,36,New York,67,Onondaga,16.0,36,67
826,37,North Carolina,63,Durham,5.0,37,63
827,37,North Carolina,67,Forsyth,18.0,37,67
828,37,North Carolina,119,Mecklenburg,16.0,37,119
829,37,North Carolina,183,Wake,8.0,37,183
830,39,Ohio,35,Cuyahoga,13.0,39,35
831,39,Ohio,113,Montgomery,6.0,39,113
832,40,Oklahoma,143,Tulsa,9.0,40,143
833,41,Oregon,29,Jackson,38.0,41,29
834,41,Oregon,39,Lane,25.0,41,39
835,41,Oregon,51,Multnomah,7.0,41,51
842,47,Tennessee,157,Shelby,11.0,47,157
843,47,Tennessee,157,Shelby,10.0,47,157
845,51,Virginia,710,Norfolk City,14.0,51,710
846,53,Washington,33,King,8.0,53,33
847,53,Washington,63,Spokane,32.0,53,63
848,55,Wisconsin,79,Milwaukee,7.0,55,79
849,1,Alabama,73,Jefferson,17.0,1,73
850,2,Alaska,90,Fairbanks North Star ,24.0,2,90
851,2,Alaska,90,Fairbanks North Star ,19.0,2,90
852,4,Arizona,19,Pima,7.0,4,19
869,8,Colorado,31,Denver,9.0,8,31
870,8,Colorado,59,Jefferson,3.0,8,59
871,9,Connecticut,3,Hartford,18.0,9,3
872,12,Florida,11,Broward,11.0,12,11
873,12,Florida,11,Broward,8.0,12,11
874,12,Florida,31,Duval,8.0,12,31
875,12,Florida,31,Duval,6.0,12,31
876,17,Illinois,163,Saint Clair,14.0,17,163
877,21,Kentucky,19,Boyd,9.0,21,19
878,24,Maryland,5,Baltimore,5.0,24,5
879,25,Massachusetts,17,Middlesex,10.0,25,17
880,25,Massachusetts,25,Suffolk,10.0,25,25
881,26,Michigan,81,Kent,5.0,26,81
882,27,Minnesota,37,Dakota,6.0,27,37
883,27,Minnesota,123,Ramsey,3.0,27,123
884,27,Minnesota,137,Saint Louis,8.0,27,137
885,32,Nevada,3,Clark,7.0,32,3
886,32,Nevada,3,Clark,0.0,32,3
887,32,Nevada,31,Washoe,22.0,32,31
888,34,New Jersey,17,Hudson,19.0,34,17
889,35,New Mexico,1,Bernalillo,33.0,35,1
890,35,New Mexico,1,Bernalillo,22.0,35,1
891,35,New Mexico,1,Bernalillo,1.0,35,1
892,36,New York,55,Monroe,15.0,36,55
893,36,New York,67,Onondaga,8.0,36,67
894,36,New York,81,Queens,9.0,36,81
895,37,North Carolina,67,Forsyth,10.0,37,67
896,37,North Carolina,67,Forsyth,13.0,37,67
897,37,North Carolina,119,Mecklenburg,10.0,37,119
898,39,Ohio,35,Cuyahoga,1.0,39,35
899,39,Ohio,61,Hamilton,2.0,39,61
900,39,Ohio,81,Jefferson,24.0,39,81
901,39,Ohio,153,Summit,6.0,39,153
902,39,Ohio,153,Summit,8.0,39,153
903,41,Oregon,29,Jackson,24.0,41,29
911,49,Utah,35,Salt Lake,8.0,49,35
912,51,Virginia,59,Fairfax,6.0,51,59
913,51,Virginia,510,Alexandria City,10.0,51,510
914,51,Virginia,760,Richmond City,5.0,51,760
915,51,Virginia,770,Roanoke City,10.0,51,770
916,53,Washington,33,King,9.0,53,33
917,54,West Virginia,29,Hancock,17.0,54,29
918,72,Puerto Rico,127,San Juan,34.0,72,127
919,72,Puerto Rico,127,San Juan,16.0,72,127
920,72,Puerto Rico,127,San Juan,7.0,72,127
921,80,Country Of Mexico,2,BAJA CALIFORNIA NORTE,5.0,80,2
922,2,Alaska,20,Anchorage ,15.0,2,20
923,2,Alaska,90,Fairbanks North Star ,5.0,2,90
924,4,Arizona,13,Maricopa,17.0,4,13
925,4,Arizona,13,Maricopa,5.0,4,13
926,4,Arizona,19,Pima,5.0,4,19
940,8,Colorado,59,Jefferson,5.0,8,59
941,8,Colorado,67,La Plata,5.0,8,67
942,11,District Of Columbia,1,District of Columbia,31.0,11,1
943,12,Florida,95,Orange,2.0,12,95
944,12,Florida,115,Sarasota,20.0,12,115
945,17,Illinois,143,Peoria,9.0,17,143
946,17,Illinois,163,Saint Clair,9.0,17,163
947,17,Illinois,201,Winnebago,8.0,17,201
948,18,Indiana,63,Hendricks,10.0,18,63
949,18,Indiana,97,Marion,9.0,18,97
950,20,Kansas,173,Sedgwick,18.0,20,173
951,25,Massachusetts,27,Worcester,9.0,25,27
952,26,Michigan,125,Oakland,7.0,26,125
953,27,Minnesota,3,Anoka,2.0,27,3
954,27,Minnesota,145,Stearns,8.0,27,145
955,29,Missouri,77,Greene,24.0,29,77
956,30,Montana,13,Cascade,7.0,30,13
957,30,Montana,29,Flathead,13.0,30,29
958,32,Nevada,3,Clark,16.0,32,3
959,32,Nevada,3,Clark,26.0,32,3
960,32,Nevada,31,Washoe,25.0,32,31
961,34,New Jersey,7,Camden,3.0,34,7
962,34,New Jersey,7,Camden,3.0,34,7
963,34,New Jersey,25,Monmouth,8.0,34,25
964,35,New Mexico,1,Bernalillo,2.0,35,1
965,39,Ohio,35,Cuyahoga,9.0,39,35
966,40,Oklahoma,109,Oklahoma,7.0,40,109
974,51,Virginia,770,Roanoke City,13.0,51,770
975,53,Washington,33,King,11.0,53,33
976,53,Washington,63,Spokane,16.0,53,63
977,54,West Virginia,29,Hancock,3.0,54,29
978,72,Puerto Rico,127,San Juan,17.0,72,127
979,72,Puerto Rico,127,San Juan,19.0,72,127
980,80,Country Of Mexico,2,BAJA CALIFORNIA NORTE,60.0,80,2
981,80,Country Of Mexico,2,BAJA CALIFORNIA NORTE,28.0,80,2
982,80,Country Of Mexico,2,BAJA CALIFORNIA NORTE,0.0,80,2
983,1,Alabama,73,Jefferson,0.0,1,73
984,4,Arizona,13,Maricopa,25.0,4,13
985,4,Arizona,13,Maricopa,8.0,4,13
986,4,Arizona,13,Maricopa,8.0,4,13
987,4,Arizona,19,Pima,11.0,4,19
988,4,Arizona,19,Pima,22.0,4,19
1000,8,Colorado,1,Adams,14.0,8,1
1001,8,Colorado,1,Adams,11.0,8,1
1002,9,Connecticut,1,Fairfield,7.0,9,1
1003,12,Florida,115,Sarasota,15.0,12,115
1004,17,Illinois,31,Cook,24.0,17,31
1005,17,Illinois,201,Winnebago,13.0,17,201
1006,18,Indiana,63,Hendricks,8.0,18,63
1007,19,Iowa,113,Linn,1.0,19,113
1008,20,Kansas,173,Sedgwick,8.0,20,173
1009,25,Massachusetts,13,Hampden,8.0,25,13
1010,25,Massachusetts,17,Middlesex,8.0,25,17
1011,27,Minnesota,37,Dakota,3.0,27,37
1012,30,Montana,29,Flathead,16.0,30,29
1013,32,Nevada,31,Washoe,17.0,32,31
1014,32,Nevada,31,Washoe,5.0,32,31
1015,36,New York,55,Monroe,8.0,36,55
1016,37,North Carolina,67,Forsyth,5.0,37,67
1017,39,Ohio,81,Jefferson,10.0,39,81
1018,39,Ohio,151,Stark,7.0,39,151
1019,41,Oregon,39,Lane,8.0,41,39
1026,51,Virginia,59,Fairfax,8.0,51,59
1027,51,Virginia,760,Richmond City,6.0,51,760
1028,53,Washington,53,Pierce,3.0,53,53
1029,80,Country Of Mexico,2,BAJA CALIFORNIA NORTE,13.0,80,2
1030,80,Country Of Mexico,2,BAJA CALIFORNIA NORTE,8.0,80,2
1031,2,Alaska,20,Anchorage ,15.0,2,20
1032,4,Arizona,13,Maricopa,11.0,4,13
1033,4,Arizona,13,Maricopa,9.0,4,13
1034,4,Arizona,13,Maricopa,22.0,4,13
1035,4,Arizona,19,Pima,13.0,4,19
1040,8,Colorado,69,Larimer,7.0,8,69
1041,9,Connecticut,1,Fairfield,14.0,9,1
1042,9,Connecticut,3,Hartford,6.0,9,3
1043,9,Connecticut,9,New Haven,7.0,9,9
1044,11,District Of Columbia,1,District of Columbia,22.0,11,1
1045,12,Florida,31,Duval,16.0,12,31
1046,12,Florida,86,Miami-Dade,7.0,12,86
1047,12,Florida,86,Miami-Dade,18.0,12,86
1048,12,Florida,86,Miami-Dade,8.0,12,86
1049,12,Florida,95,Orange,10.0,12,95
1050,12,Florida,95,Orange,6.0,12,95
1051,12,Florida,103,Pinellas,7.0,12,103
1052,12,Florida,115,Sarasota,19.0,12,115
1053,13,Georgia,89,DeKalb,7.0,13,89
1054,13,Georgia,223,Paulding,5.0,13,223
1055,17,Illinois,167,Sangamon,10.0,17,167
1056,17,Illinois,201,Winnebago,6.0,17,201
1057,19,Iowa,153,Polk,9.0,19,153
1058,20,Kansas,107,Linn,2.0,20,107
1059,20,Kansas,173,Sedgwick,6.0,20,173
1060,25,Massachusetts,27,Worcester,6.0,25,27
1061,26,Michigan,163,Wayne,7.0,26,163
1062,27,Minnesota,3,Anoka,0.0,27,3
1063,27,Minnesota,37,Dakota,3.0,27,37
1064,27,Minnesota,123,Ramsey,15.0,27,123
1065,27,Minnesota,137,Saint Louis,2.0,27,137
1066,30,Montana,31,Gallatin,13.0,30,31
1067,30,Montana,111,Yellowstone,30.0,30,111
1068,32,Nevada,3,Clark,0.0,32,3
1069,32,Nevada,31,Washoe,6.0,32,31
1070,34,New Jersey,3,Bergen,5.0,34,3
1071,34,New Jersey,39,Union,7.0,34,39
1072,35,New Mexico,1,Bernalillo,9.0,35,1
1073,36,New York,1,Albany,7.0,36,1
1074,36,New York,5,Bronx,10.0,36,5
1075,36,New York,47,Kings,14.0,36,47
1076,37,North Carolina,81,Guilford,13.0,37,81
1077,39,Ohio,35,Cuyahoga,10.0,39,35
1078,39,Ohio,81,Jefferson,10.0,39,81
1079,39,Ohio,81,Jefferson,6.0,39,81
1080,39,Ohio,113,Montgomery,8.0,39,113
1081,40,Oklahoma,27,Cleveland,14.0,40,27
1092,51,Virginia,59,Fairfax,7.0,51,59
1093,72,Puerto Rico,127,San Juan,28.0,72,127
1094,80,Country Of Mexico,6,CHIHUAHUA STATE,14.0,80,6
1095,80,Country Of Mexico,6,CHIHUAHUA STATE,25.0,80,6
1097,39,Ohio,85,Lake,6.0,39,85
1099,30,Montana,31,Gallatin,6.0,30,31
1101,32,Nevada,31,Washoe,5.0,32,31
1102,72,Puerto Rico,127,San Juan,10.0,72,127
1103,17,Illinois,31,Cook,3.0,17,31
1105,32,Nevada,3,Clark,10.0,32,3
1106,32,Nevada,3,Clark,13.0,32,3
1107,34,New Jersey,39,Union,5.0,34,39
1109,51,Virginia,700,Newport News City,2.0,51,700
1110,4,Arizona,19,Pima,8.0,4,19
1112,1,Alabama,73,Jefferson,9.0,1,73
1114,34,New Jersey,39,Union,9.0,34,39
1116,25,Massachusetts,27,Worcester,3.0,25,27
1117,25,Massachusetts,27,Worcester,5.0,25,27
1118,32,Nevada,31,Washoe,9.0,32,31
1119,80,Country Of Mexico,2,BAJA CALIFORNIA NORTE,2.0,80,2
1121,36,New York,101,Steuben,2.0,36,101
1122,25,Massachusetts,9,Essex,5.0,25,9
1123,36,New York,29,Erie,2.0,36,29
1124,4,Arizona,13,Maricopa,8.0,4,13
1125,20,Kansas,173,Sedgwick,7.0,20,173
1128,2,Alaska,20,Anchorage ,8.0,2,20
1129,51,Virginia,760,Richmond City,2.0,51,760
1130,51,Virginia,510,Alexandria City,8.0,51,510
1131,4,Arizona,13,Maricopa,22.0,4,13
1132,4,Arizona,13,Maricopa,11.0,4,13
1133,4,Arizona,13,Maricopa,7.0,4,13
1141,8,Colorado,1,Adams,7.0,8,1
1142,12,Florida,86,Miami-Dade,6.0,12,86
1143,12,Florida,86,Miami-Dade,17.0,12,86
1144,13,Georgia,89,DeKalb,2.0,13,89
1145,13,Georgia,223,Paulding,2.0,13,223
1146,17,Illinois,31,Cook,8.0,17,31
1147,17,Illinois,31,Cook,5.0,17,31
1148,18,Indiana,3,Allen,3.0,18,3
1149,19,Iowa,153,Polk,5.0,19,153
1150,20,Kansas,173,Sedgwick,3.0,20,173
1151,21,Kentucky,111,Jefferson,7.0,21,111
1152,24,Maryland,510,Baltimore (City),8.0,24,510
1153,25,Massachusetts,17,Middlesex,6.0,25,17
1154,30,Montana,111,Yellowstone,3.0,30,111
1155,32,Nevada,3,Clark,15.0,32,3
1156,32,Nevada,31,Washoe,8.0,32,31
1157,32,Nevada,31,Washoe,10.0,32,31
1158,32,Nevada,31,Washoe,3.0,32,31
1159,34,New Jersey,3,Bergen,8.0,34,3
1160,35,New Mexico,1,Bernalillo,15.0,35,1
1161,36,New York,1,Albany,5.0,36,1
1162,36,New York,61,New York,8.0,36,61
1163,37,North Carolina,183,Wake,19.0,37,183
1164,39,Ohio,49,Franklin,5.0,39,49
1165,39,Ohio,85,Lake,7.0,39,85
1166,39,Ohio,153,Summit,6.0,39,153
1171,47,Tennessee,157,Shelby,10.0,47,157
1179,51,Virginia,59,Fairfax,11.0,51,59
1180,51,Virginia,59,Fairfax,5.0,51,59
1181,51,Virginia,710,Norfolk City,3.0,51,710
1182,51,Virginia,760,Richmond City,1.0,51,760
1183,80,Country Of Mexico,2,BAJA CALIFORNIA NORTE,1.0,80,2
1184,80,Country Of Mexico,2,BAJA CALIFORNIA NORTE,3.0,80,2
1185,80,Country Of Mexico,6,CHIHUAHUA STATE,14.0,80,6
1186,80,Country Of Mexico,6,CHIHUAHUA STATE,8.0,80,6
1187,30,Montana,31,Gallatin,5.0,30,31
1188,2,Alaska,20,Anchorage ,11.0,2,20
1189,8,Colorado,31,Denver,7.0,8,31
1190,17,Illinois,31,Cook,2.0,17,31
1192,4,Arizona,19,Pima,6.0,4,19
1193,39,Ohio,85,Lake,2.0,39,85
1196,8,Colorado,1,Adams,5.0,8,1
1201,4,Arizona,19,Pima,8.0,4,19
1206,4,Arizona,19,Pima,3.0,4,19
1207,1,Alabama,73,Jefferson,0.0,1,73
1208,30,Montana,111,Yellowstone,8.0,30,111
1210,34,New Jersey,17,Hudson,6.0,34,17
1211,34,New Jersey,7,Camden,1.0,34,7
1213,20,Kansas,173,Sedgwick,6.0,20,173
1214,32,Nevada,31,Washoe,3.0,32,31
1215,32,Nevada,31,Washoe,13.0,32,31
1217,13,Georgia,89,DeKalb,8.0,13,89
1218,24,Maryland,23,Garrett,2.0,24,23
1221,1,Alabama,73,Jefferson,7.0,1,73
1223,29,Missouri,510,St. Louis City,3.0,29,510
1224,80,Country Of Mexico,2,BAJA CALIFORNIA NORTE,8.0,80,2
1225,13,Georgia,223,Paulding,3.0,13,223
1226,29,Missouri,189,Saint Louis,3.0,29,189
1227,25,Massachusetts,27,Worcester,6.0,25,27
1229,8,Colorado,31,Denver,6.0,8,31
1231,8,Colorado,123,Weld,7.0,8,123
1232,39,Ohio,49,Franklin,3.0,39,49
1235,39,Ohio,153,Summit,3.0,39,153
1237,4,Arizona,19,Pima,3.0,4,19
1239,35,New Mexico,1,Bernalillo,9.0,35,1
1240,51,Virginia,13,Arlington,2.0,51,13
1241,51,Virginia,13,Arlington,2.0,51,13
1242,22,Louisiana,33,East Baton Rouge,10.0,22,33
1244,51,Virginia,810,Virginia Beach City,3.0,51,810
1245,51,Virginia,810,Virginia Beach City,5.0,51,810
1248,4,Arizona,13,Maricopa,5.0,4,13
1250,26,Michigan,81,Kent,3.0,26,81
1251,32,Nevada,5,Douglas,0.0,32,5
1253,1,Alabama,73,Jefferson,20.0,1,73
1254,4,Arizona,13,Maricopa,16.0,4,13
1255,40,Oklahoma,143,Tulsa,7.0,40,143
1256,32,Nevada,31,Washoe,2.0,32,31
1258,13,Georgia,89,DeKalb,10.0,13,89
1259,34,New Jersey,39,Union,3.0,34,39
1260,51,Virginia,87,Henrico,3.0,51,87
1261,51,Virginia,510,Alexandria City,0.0,51,510
1262,51,Virginia,510,Alexandria City,3.0,51,510
1264,12,Florida,11,Broward,5.0,12,11
1265,32,Nevada,31,Washoe,2.0,32,31
1266,18,Indiana,3,Allen,5.0,18,3
1267,1,Alabama,73,Jefferson,8.0,1,73
1268,1,Alabama,73,Jefferson,7.0,1,73
1269,4,Arizona,13,Maricopa,17.0,4,13
1270,4,Arizona,13,Maricopa,28.0,4,13
1271,4,Arizona,19,Pima,6.0,4,19
1286,8,Colorado,41,El Paso,7.0,8,41
1287,8,Colorado,59,Jefferson,3.0,8,59
1288,8,Colorado,69,Larimer,10.0,8,69
1289,11,District Of Columbia,1,District of Columbia,22.0,11,1
1290,12,Florida,57,Hillsborough,13.0,12,57
1291,12,Florida,57,Hillsborough,3.0,12,57
1292,12,Florida,86,Miami-Dade,11.0,12,86
1293,12,Florida,86,Miami-Dade,7.0,12,86
1294,12,Florida,99,Palm Beach,14.0,12,99
1295,13,Georgia,121,Fulton,9.0,13,121
1296,18,Indiana,63,Hendricks,9.0,18,63
1297,18,Indiana,63,Hendricks,2.0,18,63
1298,19,Iowa,153,Polk,3.0,19,153
1299,24,Maryland,5,Baltimore,6.0,24,5
1300,27,Minnesota,37,Dakota,1.0,27,37
1301,27,Minnesota,137,Saint Louis,10.0,27,137
1302,29,Missouri,95,Jackson,9.0,29,95
1303,29,Missouri,189,Saint Louis,7.0,29,189
1304,29,Missouri,510,St. Louis City,16.0,29,510
1305,30,Montana,29,Flathead,13.0,30,29
1306,30,Montana,31,Gallatin,2.0,30,31
1307,31,Nebraska,109,Lancaster,11.0,31,109
1308,32,Nevada,3,Clark,7.0,32,3
1309,32,Nevada,3,Clark,3.0,32,3
1310,39,Ohio,49,Franklin,6.0,39,49
1311,39,Ohio,61,Hamilton,13.0,39,61
1320,49,Utah,35,Salt Lake,16.0,49,35
1321,49,Utah,35,Salt Lake,13.0,49,35
1322,51,Virginia,650,Hampton City,8.0,51,650
1323,51,Virginia,770,Roanoke City,10.0,51,770
1324,80,Country Of Mexico,2,BAJA CALIFORNIA NORTE,79.0,80,2
1325,80,Country Of Mexico,2,BAJA CALIFORNIA NORTE,18.0,80,2
1326,30,Montana,31,Gallatin,10.0,30,31
1327,17,Illinois,201,Winnebago,7.0,17,201
1328,80,Country Of Mexico,6,CHIHUAHUA STATE,23.0,80,6
1329,39,Ohio,49,Franklin,8.0,39,49
1330,25,Massachusetts,13,Hampden,6.0,25,13
1331,17,Illinois,31,Cook,5.0,17,31
1333,27,Minnesota,53,Hennepin,0.0,27,53
1334,8,Colorado,77,Mesa,6.0,8,77
1335,4,Arizona,19,Pima,10.0,4,19
1339,37,North Carolina,183,Wake,2.0,37,183
1340,54,West Virginia,29,Hancock,3.0,54,29
1341,1,Alabama,73,Jefferson,7.0,1,73
1344,53,Washington,63,Spokane,13.0,53,63
1346,31,Nebraska,109,Lancaster,6.0,31,109
1347,1,Alabama,73,Jefferson,6.0,1,73
1351,32,Nevada,31,Washoe,2.0,32,31
1352,4,Arizona,13,Maricopa,13.0,4,13
1356,1,Alabama,73,Jefferson,6.0,1,73
1357,20,Kansas,209,Wyandotte,3.0,20,209
1360,32,Nevada,3,Clark,3.0,32,3
1362,24,Maryland,510,Baltimore (City),5.0,24,510
1363,36,New York,29,Erie,11.0,36,29
1364,50,Vermont,7,Chittenden,6.0,50,7
1366,29,Missouri,510,St. Louis City,3.0,29,510
1367,25,Massachusetts,27,Worcester,7.0,25,27
1368,17,Illinois,163,Saint Clair,6.0,17,163
1369,25,Massachusetts,9,Essex,2.0,25,9
1370,39,Ohio,35,Cuyahoga,22.0,39,35
1372,39,Ohio,85,Lake,6.0,39,85
1373,24,Maryland,5,Baltimore,2.0,24,5
1374,8,Colorado,41,El Paso,6.0,8,41
1375,36,New York,61,New York,5.0,36,61
1376,36,New York,61,New York,7.0,36,61
1379,32,Nevada,31,Washoe,23.0,32,31
1384,4,Arizona,19,Pima,5.0,4,19
1385,4,Arizona,13,Maricopa,11.0,4,13
1386,39,Ohio,135,Preble,3.0,39,135
1388,26,Michigan,163,Wayne,2.0,26,163
1389,26,Michigan,163,Wayne,5.0,26,163
1390,32,Nevada,31,Washoe,5.0,32,31
1394,26,Michigan,163,Wayne,1.0,26,163
1398,32,Nevada,31,Washoe,8.0,32,31
1401,8,Colorado,67,La Plata,1.0,8,67
1402,34,New Jersey,39,Union,5.0,34,39
1404,32,Nevada,31,Washoe,6.0,32,31
1405,11,District Of Columbia,1,District of Columbia,8.0,11,1
1406,55,Wisconsin,27,Dodge,2.0,55,27
1407,36,New York,29,Erie,2.0,36,29
1410,13,Georgia,223,Paulding,3.0,13,223
1411,25,Massachusetts,27,Worcester,8.0,25,27
1412,25,Massachusetts,25,Suffolk,3.0,25,25
1413,25,Massachusetts,9,Essex,2.0,25,9
1417,25,Massachusetts,13,Hampden,2.0,25,13
1419,2,Alaska,90,Fairbanks North Star ,6.0,2,90
1420,37,North Carolina,119,Mecklenburg,5.0,37,119
1421,51,Virginia,510,Alexandria City,3.0,51,510
1422,40,Oklahoma,143,Tulsa,3.0,40,143
1423,34,New Jersey,13,Essex,7.0,34,13
1425,4,Arizona,19,Pima,6.0,4,19
1427,80,Country Of Mexico,6,CHIHUAHUA STATE,3.0,80,6
1428,54,West Virginia,29,Hancock,3.0,54,29
1432,2,Alaska,90,Fairbanks North Star ,16.0,2,90
1433,9,Connecticut,1,Fairfield,5.0,9,1
1436,30,Montana,49,Lewis and Clark,1.0,30,49
1438,32,Nevada,31,Washoe,5.0,32,31
1439,12,Florida,86,Miami-Dade,2.0,12,86
1440,13,Georgia,89,DeKalb,2.0,13,89
1441,1,Alabama,73,Jefferson,3.0,1,73
1442,72,Puerto Rico,113,Ponce,5.0,72,113
1445,32,Nevada,31,Washoe,7.0,32,31
1446,36,New York,29,Erie,6.0,36,29
1447,18,Indiana,3,Allen,7.0,18,3
1448,36,New York,5,Bronx,3.0,36,5
1449,29,Missouri,510,St. Louis City,3.0,29,510
1450,30,Montana,31,Gallatin,2.0,30,31
1453,39,Ohio,49,Franklin,3.0,39,49
1454,39,Ohio,35,Cuyahoga,7.0,39,35
1457,32,Nevada,3,Clark,3.0,32,3
1459,35,New Mexico,1,Bernalillo,2.0,35,1
1460,22,Louisiana,33,East Baton Rouge,8.0,22,33
1465,26,Michigan,163,Wayne,2.0,26,163
1466,34,New Jersey,17,Hudson,6.0,34,17
1467,41,Oregon,51,Multnomah,2.0,41,51
1468,21,Kentucky,111,Jefferson,3.0,21,111
1469,21,Kentucky,111,Jefferson,3.0,21,111
1470,18,Indiana,163,Vanderburgh,5.0,18,163
1475,50,Vermont,21,Rutland,3.0,50,21
1476,26,Michigan,163,Wayne,3.0,26,163
1477,26,Michigan,163,Wayne,8.0,26,163
1478,12,Florida,86,Miami-Dade,3.0,12,86
1482,20,Kansas,209,Wyandotte,3.0,20,209
1485,12,Florida,31,Duval,6.0,12,31
1486,32,Nevada,31,Washoe,2.0,32,31
1487,54,West Virginia,29,Hancock,3.0,54,29
1488,41,Oregon,67,Washington,6.0,41,67
1490,24,Maryland,19,Dorchester,2.0,24,19
1491,40,Oklahoma,1,Adair,2.0,40,1
1492,17,Illinois,163,Saint Clair,5.0,17,163
1493,8,Colorado,31,Denver,13.0,8,31
1496,39,Ohio,61,Hamilton,6.0,39,61
1497,34,New Jersey,13,Essex,7.0,34,13
1498,47,Tennessee,157,Shelby,2.0,47,157
1500,22,Louisiana,33,East Baton Rouge,2.0,22,33
1501,22,Louisiana,33,East Baton Rouge,3.0,22,33
1505,12,Florida,86,Miami-Dade,3.0,12,86
1506,9,Connecticut,1,Fairfield,5.0,9,1
1507,26,Michigan,81,Kent,8.0,26,81
1509,1,Alabama,73,Jefferson,8.0,1,73
1513,9,Connecticut,3,Hartford,2.0,9,3
1514,9,Connecticut,3,Hartford,5.0,9,3
1515,50,Vermont,21,Rutland,6.0,50,21
1516,26,Michigan,163,Wayne,5.0,26,163
1518,47,Tennessee,9,Blount,2.0,47,9
1519,24,Maryland,27,Howard,6.0,24,27
1520,18,Indiana,97,Marion,3.0,18,97
1521,8,Colorado,67,La Plata,2.0,8,67
1522,13,Georgia,89,DeKalb,8.0,13,89
1523,1,Alabama,73,Jefferson,3.0,1,73
1524,20,Kansas,209,Wyandotte,3.0,20,209
1525,51,Virginia,87,Henrico,1.0,51,87
1526,36,New York,101,Steuben,1.0,36,101
1527,47,Tennessee,157,Shelby,3.0,47,157
1528,36,New York,1,Albany,2.0,36,1
1529,36,New York,1,Albany,3.0,36,1
1530,36,New York,29,Erie,1.0,36,29
1531,36,New York,5,Bronx,2.0,36,5
1532,18,Indiana,89,Lake,15.0,18,89
1533,29,Missouri,510,St. Louis City,7.0,29,510
1534,40,Oklahoma,1,Adair,2.0,40,1
1535,39,Ohio,13,Belmont,2.0,39,13
1536,39,Ohio,61,Hamilton,5.0,39,61
1537,32,Nevada,3,Clark,2.0,32,3
1540,12,Florida,95,Orange,3.0,12,95
1542,47,Tennessee,157,Shelby,2.0,47,157
1543,37,North Carolina,119,Mecklenburg,5.0,37,119
1544,53,Washington,33,King,3.0,53,33
1545,27,Minnesota,37,Dakota,6.0,27,37
1548,50,Vermont,7,Chittenden,5.0,50,7
1549,32,Nevada,31,Washoe,2.0,32,31
1550,9,Connecticut,9,New Haven,5.0,9,9
1552,39,Ohio,35,Cuyahoga,10.0,39,35
1553,26,Michigan,163,Wayne,3.0,26,163
1554,26,Michigan,163,Wayne,7.0,26,163
1556,29,Missouri,510,St. Louis City,3.0,29,510
1558,47,Tennessee,37,Davidson,5.0,47,37
1559,35,New Mexico,1,Bernalillo,2.0,35,1
1560,49,Utah,57,Weber,8.0,49,57
1561,34,New Jersey,17,Hudson,6.0,34,17
1562,17,Illinois,163,Saint Clair,3.0,17,163
1565,40,Oklahoma,109,Oklahoma,3.0,40,109
1566,36,New York,101,Steuben,2.0,36,101
1567,51,Virginia,650,Hampton City,5.0,51,650
1568,36,New York,55,Monroe,5.0,36,55
1570,47,Tennessee,157,Shelby,5.0,47,157
1572,18,Indiana,163,Vanderburgh,6.0,18,163
1575,39,Ohio,113,Montgomery,5.0,39,113
1576,4,Arizona,13,Maricopa,14.0,4,13
1577,4,Arizona,19,Pima,5.0,4,19
1578,37,North Carolina,183,Wake,5.0,37,183
1579,15,Hawaii,3,Honolulu,7.0,15,3
1580,20,Kansas,209,Wyandotte,2.0,20,209
1581,72,Puerto Rico,61,Guaynabo,5.0,72,61
1582,8,Colorado,67,La Plata,1.0,8,67
1583,49,Utah,49,Utah,0.0,49,49
1584,8,Colorado,31,Denver,3.0,8,31
1587,53,Washington,33,King,9.0,53,33
1589,40,Oklahoma,109,Oklahoma,9.0,40,109
1594,72,Puerto Rico,127,San Juan,13.0,72,127
1598,39,Ohio,135,Preble,2.0,39,135
1599,11,District Of Columbia,1,District of Columbia,5.0,11,1
1601,15,Hawaii,3,Honolulu,2.0,15,3
1602,49,Utah,35,Salt Lake,6.0,49,35
1604,50,Vermont,7,Chittenden,2.0,50,7
1605,18,Indiana,97,Marion,3.0,18,97
1606,4,Arizona,13,Maricopa,5.0,4,13
1607,29,Missouri,510,St. Louis City,5.0,29,510
1608,1,Alabama,73,Jefferson,5.0,1,73
1609,72,Puerto Rico,21,Bayamon,6.0,72,21
1610,40,Oklahoma,109,Oklahoma,9.0,40,109
1611,9,Connecticut,9,New Haven,2.0,9,9
1613,9,Connecticut,5,Litchfield,1.0,9,5
1615,12,Florida,11,Broward,7.0,12,11
1616,29,Missouri,510,St. Louis City,5.0,29,510
1620,11,District Of Columbia,1,District of Columbia,9.0,11,1
1621,8,Colorado,123,Weld,1.0,8,123
1624,13,Georgia,121,Fulton,7.0,13,121
1627,35,New Mexico,1,Bernalillo,6.0,35,1
1629,8,Colorado,31,Denver,3.0,8,31
1630,4,Arizona,13,Maricopa,0.0,4,13
1631,72,Puerto Rico,25,Caguas,7.0,72,25
1632,55,Wisconsin,79,Milwaukee,3.0,55,79
1633,55,Wisconsin,79,Milwaukee,3.0,55,79
1634,49,Utah,35,Salt Lake,3.0,49,35
1638,25,Massachusetts,25,Suffolk,5.0,25,25
1639,12,Florida,11,Broward,5.0,12,11
1640,12,Florida,11,Broward,8.0,12,11
1641,30,Montana,31,Gallatin,2.0,30,31
1642,4,Arizona,13,Maricopa,13.0,4,13
1643,4,Arizona,13,Maricopa,17.0,4,13
1645,22,Louisiana,33,East Baton Rouge,2.0,22,33
1646,22,Louisiana,33,East Baton Rouge,3.0,22,33
1647,72,Puerto Rico,113,Ponce,6.0,72,113
1651,35,New Mexico,1,Bernalillo,1.0,35,1
1652,2,Alaska,90,Fairbanks North Star ,2.0,2,90
1653,26,Michigan,163,Wayne,5.0,26,163
1654,39,Ohio,13,Belmont,3.0,39,13
1655,15,Hawaii,3,Honolulu,2.0,15,3
1656,27,Minnesota,37,Dakota,0.0,27,37
1657,54,West Virginia,9,Brooke,5.0,54,9
1665,12,Florida,86,Miami-Dade,5.0,12,86
1666,12,Florida,11,Broward,6.0,12,11
1667,29,Missouri,510,St. Louis City,3.0,29,510
1668,4,Arizona,13,Maricopa,7.0,4,13
1669,47,Tennessee,37,Davidson,5.0,47,37
1671,72,Puerto Rico,113,Ponce,14.0,72,113
1672,51,Virginia,650,Hampton City,3.0,51,650
1673,12,Florida,103,Pinellas,1.0,12,103
1676,47,Tennessee,157,Shelby,5.0,47,157
1677,27,Minnesota,53,Hennepin,1.0,27,53
1678,12,Florida,31,Duval,5.0,12,31
1682,39,Ohio,135,Preble,2.0,39,135
1683,4,Arizona,13,Maricopa,5.0,4,13
1684,53,Washington,33,King,6.0,53,33
1685,8,Colorado,31,Denver,5.0,8,31
1687,21,Kentucky,111,Jefferson,5.0,21,111
1688,25,Massachusetts,25,Suffolk,9.0,25,25
1689,8,Colorado,1,Adams,3.0,8,1
1691,8,Colorado,77,Mesa,2.0,8,77
1699,4,Arizona,13,Maricopa,1.0,4,13
1700,4,Arizona,13,Maricopa,5.0,4,13
1701,32,Nevada,31,Washoe,10.0,32,31
1702,19,Iowa,163,Scott,2.0,19,163
1703,19,Iowa,163,Scott,3.0,19,163
1704,26,Michigan,163,Wayne,3.0,26,163
1705,34,New Jersey,17,Hudson,10.0,34,17
1706,19,Iowa,153,Polk,3.0,19,153
1707,21,Kentucky,111,Jefferson,2.0,21,111
1708,18,Indiana,163,Vanderburgh,3.0,18,163
1709,26,Michigan,163,Wayne,5.0,26,163
1710,26,Michigan,163,Wayne,10.0,26,163
1711,26,Michigan,163,Wayne,6.0,26,163
1712,12,Florida,86,Miami-Dade,3.0,12,86
1713,24,Maryland,27,Howard,3.0,24,27
1715,18,Indiana,97,Marion,5.0,18,97
1716,31,Nebraska,55,Douglas,2.0,31,55
1717,1,Alabama,73,Jefferson,3.0,1,73
1721,36,New York,5,Bronx,7.0,36,5
1722,29,Missouri,510,St. Louis City,5.0,29,510
1724,36,New York,29,Erie,0.0,36,29
